name,slug,ecosystem,categories,icon_url,short_description,content_tier,aliases,source
99 Nights in the Forest,99-nights-in-the-forest,roblox,top-up|items|accounts,,Buy and sell 99 Nights in the Forest accounts safely on DropMarket.,listed,,seed-2026-09:eldorado+rblxdb
A Universal Time,a-universal-time,roblox,items,,Buy and sell A Universal Time items safely on DropMarket.,listed,,seed-2026-09:eldorado
Abyss,abyss,roblox,items,,Buy and sell Abyss items safely on DropMarket.,listed,,seed-2026-09:eldorado
Adopt Me,adopt-me,roblox,items|accounts,,Buy and sell Adopt Me accounts safely on DropMarket.,data,,seed-2026-09:eldorado+rblxdb
Albion Online,albion-online,mmo,currency|accounts|items,,Buy and sell Albion Online accounts safely on DropMarket.,listed,,seed-2026-09:spec-aaa
All Star Tower Defense X,all-star-tower-defense-x,roblox,items|accounts,,Buy and sell All Star Tower Defense X accounts safely on DropMarket.,listed,,seed-2026-09:eldorado
Anime Apocalypse,anime-apocalypse,roblox,items,,Buy and sell Anime Apocalypse items safely on DropMarket.,listed,,seed-2026-09:eldorado
Anime Astral Simulator,anime-astral-simulator,roblox,items|accounts,,Buy and sell Anime Astral Simulator accounts safely on DropMarket.,listed,,seed-2026-09:eldorado+rblxdb
Anime Card Clash,anime-card-clash,roblox,items,,Buy and sell Anime Card Clash items safely on DropMarket.,listed,,seed-2026-09:eldorado
Anime Card Farm,anime-card-farm,roblox,items|accounts,,Buy and sell Anime Card Farm accounts safely on DropMarket.,listed,,seed-2026-09:eldorado+rblxdb
Anime Defenders,anime-defenders,roblox,currency|items|accounts,,Buy and sell Anime Defenders accounts safely on DropMarket.,listed,,seed-2026-09:eldorado
Anime Dice,anime-dice,roblox,items,,Buy and sell Anime Dice items safely on DropMarket.,listed,,seed-2026-09:eldorado
Anime Eternal,anime-eternal,roblox,items,,Buy and sell Anime Eternal items safely on DropMarket.,listed,,seed-2026-09:eldorado
Anime Expeditions,anime-expeditions,roblox,items|accounts,,Buy and sell Anime Expeditions accounts safely on DropMarket.,listed,,seed-2026-09:eldorado+rblxdb
Anime Fighting Simulator Endless,anime-fighting-simulator-endless,roblox,items,,Buy and sell Anime Fighting Simulator Endless items safely on DropMarket.,listed,,seed-2026-09:eldorado
Anime Last Stand,anime-last-stand,roblox,items,,Buy and sell Anime Last Stand items safely on DropMarket.,listed,,seed-2026-09:eldorado
Anime Origins,anime-origins,roblox,items,,Buy and sell Anime Origins items safely on DropMarket.,listed,,seed-2026-09:eldorado
Anime Paradox,anime-paradox,roblox,items,,Buy and sell Anime Paradox items safely on DropMarket.,listed,,seed-2026-09:eldorado
Anime Reborn,anime-reborn,roblox,items,,Buy and sell Anime Reborn items safely on DropMarket.,listed,,seed-2026-09:eldorado
Anime Squadron,anime-squadron,roblox,items,,Buy and sell Anime Squadron items safely on DropMarket.,listed,,seed-2026-09:eldorado
Anime Tactical Simulator,anime-tactical-simulator,roblox,items,,Buy and sell Anime Tactical Simulator items safely on DropMarket.,listed,,seed-2026-09:eldorado
Anime Vanguards,anime-vanguards,roblox,accounts|items,,Buy and sell Anime Vanguards accounts safely on DropMarket.,listed,,seed-2026-09:eldorado+rblxdb
Anime Warriors 3,anime-warriors-3,roblox,items,,Buy and sell Anime Warriors 3 items safely on DropMarket.,listed,,seed-2026-09:eldorado
Apex Legends,apex-legends,pc,accounts|top-up,,Buy and sell Apex Legends accounts safely on DropMarket.,listed,,seed-2026-09:directory
Arena Breakout,arena-breakout,mobile,top-up|accounts,,Buy and sell Arena Breakout accounts safely on DropMarket.,listed,,seed-2026-09:directory
ARK Survival Ascended,ark-survival-ascended,pc,accounts|items,,Buy and sell ARK Survival Ascended accounts safely on DropMarket.,listed,,seed-2026-09:directory
Arknights,arknights,mobile,top-up|accounts,,Buy and sell Arknights accounts safely on DropMarket.,listed,,seed-2026-09:directory
Attack on Titan Revolution,attack-on-titan-revolution,roblox,items|accounts,,Buy and sell Attack on Titan Revolution accounts safely on DropMarket.,listed,,seed-2026-09:eldorado+rblxdb
Baddies,baddies,roblox,items,,Buy and sell Baddies items safely on DropMarket.,listed,,seed-2026-09:eldorado
Battlefield 6,battlefield-6,pc,accounts|top-up,,Buy and sell Battlefield 6 accounts safely on DropMarket.,listed,,seed-2026-09:directory
Be a Lucky Block,be-a-lucky-block,roblox,items,,Buy and sell Be a Lucky Block items safely on DropMarket.,listed,,seed-2026-09:eldorado
BedWars,bedwars,roblox,items|accounts,,Buy and sell BedWars accounts safely on DropMarket.,listed,,seed-2026-09:eldorado+rblxdb
Bee Swarm Simulator,bee-swarm-simulator,roblox,items|accounts,,Buy and sell Bee Swarm Simulator accounts safely on DropMarket.,listed,,seed-2026-09:eldorado+rblxdb
Berry Avenue RP,berry-avenue-rp,roblox,items|accounts,,Buy and sell Berry Avenue RP accounts safely on DropMarket.,listed,,seed-2026-09:rblxdb
Bite by Night,bite-by-night,roblox,top-up,,Buy and sell Bite by Night items safely on DropMarket.,listed,,seed-2026-09:eldorado
Bizarre Lineage,bizarre-lineage,roblox,items,,Buy and sell Bizarre Lineage items safely on DropMarket.,listed,,seed-2026-09:eldorado
Black Desert Online,black-desert-online,mmo,currency|accounts|items,,Buy and sell Black Desert Online accounts safely on DropMarket.,listed,,seed-2026-09:directory
Blade Ball,blade-ball,roblox,currency|items|accounts,,Buy and sell Blade Ball accounts safely on DropMarket.,listed,,seed-2026-09:eldorado+rblxdb
BlockSpin,blockspin,roblox,accounts|items,,Buy and sell BlockSpin accounts safely on DropMarket.,listed,,seed-2026-09:eldorado+rblxdb
Bloodlines,bloodlines,roblox,items|accounts,,Buy and sell Bloodlines accounts safely on DropMarket.,listed,,seed-2026-09:eldorado
Blox Fruits,blox-fruits,roblox,items|accounts,,Buy and sell Blox Fruits accounts safely on DropMarket.,listed,,seed-2026-09:eldorado+rblxdb
BloxStrike,bloxstrike,roblox,top-up|items,,Buy and sell BloxStrike items safely on DropMarket.,listed,,seed-2026-09:eldorado
Blue Archive,blue-archive,mobile,top-up|accounts,,Buy and sell Blue Archive accounts safely on DropMarket.,listed,,seed-2026-09:directory
Blue Lock Rivals,blue-lock-rivals,roblox,items|accounts,,Buy and sell Blue Lock Rivals accounts safely on DropMarket.,listed,,seed-2026-09:rblxdb
Brawl Stars,brawl-stars,mobile,top-up|accounts,,Buy and sell Brawl Stars accounts safely on DropMarket.,listed,,seed-2026-09:spec-aaa+eldorado
Break a Lucky Block,break-a-lucky-block,roblox,items,,Buy and sell Break a Lucky Block items safely on DropMarket.,listed,,seed-2026-09:eldorado
Broken Blade,broken-blade,roblox,items,,Buy and sell Broken Blade items safely on DropMarket.,listed,,seed-2026-09:eldorado
Brookhaven RP,brookhaven-rp,roblox,items|accounts,,Buy and sell Brookhaven RP accounts safely on DropMarket.,listed,,seed-2026-09:rblxdb
Bubble Gum Simulator Infinity,bubble-gum-simulator-infinity,roblox,items,,Buy and sell Bubble Gum Simulator Infinity items safely on DropMarket.,listed,,seed-2026-09:eldorado
Build A Boat For Treasure,build-a-boat-for-treasure,roblox,items|accounts,,Buy and sell Build A Boat For Treasure accounts safely on DropMarket.,listed,,seed-2026-09:rblxdb
Build a Ring Farm,build-a-ring-farm,roblox,items,,Buy and sell Build a Ring Farm items safely on DropMarket.,listed,,seed-2026-09:eldorado
Build a Zoo,build-a-zoo,roblox,items,,Buy and sell Build a Zoo items safely on DropMarket.,listed,,seed-2026-09:eldorado
Call of Duty,call-of-duty,pc,accounts|top-up,,Buy and sell Call of Duty accounts safely on DropMarket.,listed,,seed-2026-09:spec-aaa+eldorado
Capybaras vs Plants,capybaras-vs-plants,roblox,items,,Buy and sell Capybaras vs Plants items safely on DropMarket.,listed,,seed-2026-09:eldorado
Case Paradise,case-paradise,roblox,items,,Buy and sell Case Paradise items safely on DropMarket.,listed,,seed-2026-09:eldorado
Catalog Avatar Creator,catalog-avatar-creator,roblox,items|accounts,,Buy and sell Catalog Avatar Creator accounts safely on DropMarket.,listed,,seed-2026-09:rblxdb
Catch And Tame,catch-and-tame,roblox,items,,Buy and sell Catch And Tame items safely on DropMarket.,listed,,seed-2026-09:eldorado
Clash of Clans,clash-of-clans,mobile,top-up|accounts,,Buy and sell Clash of Clans accounts safely on DropMarket.,listed,,seed-2026-09:spec-aaa+eldorado
Clash Royale,clash-royale,mobile,top-up|accounts,,Buy and sell Clash Royale accounts safely on DropMarket.,listed,,seed-2026-09:directory
Counter-Strike 2,counter-strike-2,pc,accounts|items,,Buy and sell Counter-Strike 2 accounts safely on DropMarket.,listed,,seed-2026-09:spec-aaa
Creatures of Sonaria,creatures-of-sonaria,roblox,currency|items|accounts,,Buy and sell Creatures of Sonaria accounts safely on DropMarket.,listed,,seed-2026-09:eldorado+rblxdb
Da Hood,da-hood,roblox,items,,Buy and sell Da Hood items safely on DropMarket.,listed,,seed-2026-09:eldorado
Dandys World,dandys-world,roblox,items|accounts,,Buy and sell Dandys World accounts safely on DropMarket.,listed,,seed-2026-09:rblxdb
Dead Rails,dead-rails,roblox,items|accounts,,Buy and sell Dead Rails accounts safely on DropMarket.,listed,,seed-2026-09:eldorado+rblxdb
Death Ball,death-ball,roblox,currency,,Buy and sell Death Ball items safely on DropMarket.,listed,,seed-2026-09:eldorado
Deepwoken,deepwoken,roblox,items|accounts,,Buy and sell Deepwoken accounts safely on DropMarket.,listed,,seed-2026-09:eldorado+rblxdb
Delta Force,delta-force,pc,accounts|top-up,,Buy and sell Delta Force accounts safely on DropMarket.,listed,,seed-2026-09:directory
Destiny 2,destiny-2,pc,accounts|top-up,,Buy and sell Destiny 2 accounts safely on DropMarket.,listed,,seed-2026-09:directory
Devil Hunter,devil-hunter,roblox,items,,Buy and sell Devil Hunter items safely on DropMarket.,listed,,seed-2026-09:eldorado
Diablo 2 Resurrected,diablo-2-resurrected,pc,currency|accounts|items,,Buy and sell Diablo 2 Resurrected accounts safely on DropMarket.,listed,,seed-2026-09:directory
Diablo 4,diablo-4,pc,currency|accounts|items,,Buy and sell Diablo 4 accounts safely on DropMarket.,listed,,seed-2026-09:spec-aaa
Dofus,dofus,mmo,currency|accounts,,Buy and sell Dofus accounts safely on DropMarket.,listed,,seed-2026-09:directory
DOORS,doors,roblox,items|accounts,,Buy and sell DOORS accounts safely on DropMarket.,listed,,seed-2026-09:rblxdb
Dota 2,dota-2,pc,accounts|items,,Buy and sell Dota 2 accounts safely on DropMarket.,listed,,seed-2026-09:directory
Drag Drive Simulator,drag-drive-simulator,roblox,items|accounts,,Buy and sell Drag Drive Simulator accounts safely on DropMarket.,listed,,seed-2026-09:eldorado+rblxdb
Dragon Adventures,dragon-adventures,roblox,currency,,Buy and sell Dragon Adventures items safely on DropMarket.,listed,,seed-2026-09:eldorado
Dress To Impress,dress-to-impress,roblox,items|accounts,,Buy and sell Dress To Impress accounts safely on DropMarket.,listed,,seed-2026-09:rblxdb
Driving Empire,driving-empire,roblox,accounts|items,,Buy and sell Driving Empire accounts safely on DropMarket.,listed,,seed-2026-09:eldorado+rblxdb
Dungeon Lootr,dungeon-lootr,roblox,items|accounts,,Buy and sell Dungeon Lootr accounts safely on DropMarket.,listed,,seed-2026-09:eldorado+rblxdb
Dungeon Quest Reborn,dungeon-quest-reborn,roblox,accounts|items,,Buy and sell Dungeon Quest Reborn accounts safely on DropMarket.,listed,,seed-2026-09:eldorado+rblxdb
EA Sports FC 26,ea-sports-fc-26,console,top-up|accounts,,Buy and sell EA Sports FC 26 accounts safely on DropMarket.,listed,,seed-2026-09:spec-aaa+eldorado
Eggy Party,eggy-party,mobile,top-up|accounts,,Buy and sell Eggy Party accounts safely on DropMarket.,listed,,seed-2026-09:directory
Escape from Tarkov,escape-from-tarkov,pc,currency|accounts|items,,Buy and sell Escape from Tarkov accounts safely on DropMarket.,listed,,seed-2026-09:directory
Escape Tsunami For Brainrots,escape-tsunami-for-brainrots,roblox,currency|items,,Buy and sell Escape Tsunami For Brainrots items safely on DropMarket.,listed,,seed-2026-09:eldorado
Escape Waves For Lucky Blocks,escape-waves-for-lucky-blocks,roblox,items,,Buy and sell Escape Waves For Lucky Blocks items safely on DropMarket.,listed,,seed-2026-09:eldorado
Evade,evade,roblox,items|accounts,,Buy and sell Evade accounts safely on DropMarket.,listed,,seed-2026-09:rblxdb
EVE Online,eve-online,mmo,currency|accounts,,Buy and sell EVE Online accounts safely on DropMarket.,listed,,seed-2026-09:directory
Evomon,evomon,roblox,items,,Buy and sell Evomon items safely on DropMarket.,listed,,seed-2026-09:eldorado
Fight in a School,fight-in-a-school,roblox,items,,Buy and sell Fight in a School items safely on DropMarket.,listed,,seed-2026-09:eldorado
Final Fantasy XI,final-fantasy-xi,mmo,currency|accounts,,Buy and sell Final Fantasy XI accounts safely on DropMarket.,listed,,seed-2026-09:directory
Final Fantasy XIV,final-fantasy-xiv,mmo,currency|accounts|items,,Buy and sell Final Fantasy XIV accounts safely on DropMarket.,listed,,seed-2026-09:spec-aaa
Fisch,fisch,roblox,currency|items|accounts,,Buy and sell Fisch accounts safely on DropMarket.,listed,,seed-2026-09:eldorado+rblxdb
Fish an Anime RNG,fish-an-anime-rng,roblox,items,,Buy and sell Fish an Anime RNG items safely on DropMarket.,listed,,seed-2026-09:eldorado
Fish It,fish-it,roblox,items|accounts,,Buy and sell Fish It accounts safely on DropMarket.,listed,,seed-2026-09:eldorado+rblxdb
Fix It Up,fix-it-up,roblox,currency,,Buy and sell Fix It Up items safely on DropMarket.,listed,,seed-2026-09:eldorado
Flee the Facility,flee-the-facility,roblox,items,,Buy and sell Flee the Facility items safely on DropMarket.,listed,,seed-2026-09:eldorado
Fling Things and People,fling-things-and-people,roblox,items|accounts,,Buy and sell Fling Things and People accounts safely on DropMarket.,listed,,seed-2026-09:rblxdb
Forsaken,forsaken,roblox,items|accounts,,Buy and sell Forsaken accounts safely on DropMarket.,listed,,seed-2026-09:rblxdb
Fortnite,fortnite,pc,accounts|top-up,,Buy and sell Fortnite accounts safely on DropMarket.,listed,,seed-2026-09:spec-aaa+eldorado
Forza Horizon 6,forza-horizon-6,pc,top-up,,Buy and sell Forza Horizon 6 items safely on DropMarket.,listed,,seed-2026-09:eldorado
Free Fire,free-fire,mobile,top-up|accounts,,Buy and sell Free Fire accounts safely on DropMarket.,listed,,seed-2026-09:spec-aaa
Gakuran,gakuran,roblox,items,,Buy and sell Gakuran items safely on DropMarket.,listed,,seed-2026-09:eldorado
Garden Horizons,garden-horizons,roblox,items,,Buy and sell Garden Horizons items safely on DropMarket.,listed,,seed-2026-09:eldorado
Garden Tower Defense,garden-tower-defense,roblox,items,,Buy and sell Garden Tower Defense items safely on DropMarket.,listed,,seed-2026-09:eldorado
Genshin Impact,genshin-impact,mobile,top-up|accounts,,Buy and sell Genshin Impact accounts safely on DropMarket.,listed,,seed-2026-09:spec-aaa
Grand Blue,grand-blue,roblox,items,,Buy and sell Grand Blue items safely on DropMarket.,listed,,seed-2026-09:eldorado
Grand Piece Online,grand-piece-online,roblox,items|accounts,,Buy and sell Grand Piece Online accounts safely on DropMarket.,listed,,seed-2026-09:rblxdb
Greedy Growers,greedy-growers,roblox,items|accounts,,Buy and sell Greedy Growers accounts safely on DropMarket.,listed,,seed-2026-09:eldorado+rblxdb
Greenville,greenville,roblox,accounts,,Buy and sell Greenville accounts safely on DropMarket.,listed,,seed-2026-09:eldorado
Grow a Garden,grow-a-garden,roblox,currency|items|accounts,,Buy and sell Grow a Garden accounts safely on DropMarket.,listed,,seed-2026-09:eldorado+rblxdb
Grow a Garden 2,grow-a-garden-2,roblox,currency|items|accounts,,Buy and sell Grow a Garden 2 accounts safely on DropMarket.,listed,,seed-2026-09:eldorado+rblxdb
Growtopia,growtopia,pc,currency,,Buy and sell Growtopia items safely on DropMarket.,listed,,seed-2026-09:eldorado
Grand Theft Auto 6,gta-6,pc,accounts|top-up,,Buy and sell Grand Theft Auto 6 accounts safely on DropMarket.,listed,,seed-2026-09:spec-aaa
Grand Theft Auto 5,gta-v,pc,accounts|top-up,,Buy and sell Grand Theft Auto 5 accounts safely on DropMarket.,listed,,seed-2026-09:spec-aaa+eldorado
Guild Wars 2,guild-wars-2,mmo,currency|accounts|items,,Buy and sell Guild Wars 2 accounts safely on DropMarket.,listed,,seed-2026-09:directory
Haze Seas,haze-seas,roblox,items,,Buy and sell Haze Seas items safely on DropMarket.,listed,,seed-2026-09:eldorado
Honkai Star Rail,honkai-star-rail,mobile,top-up|accounts,,Buy and sell Honkai Star Rail accounts safely on DropMarket.,listed,,seed-2026-09:spec-aaa
Honor of Kings,honor-of-kings,mobile,top-up|accounts,,Buy and sell Honor of Kings accounts safely on DropMarket.,listed,,seed-2026-09:directory
Hunty Zombie,hunty-zombie,roblox,items,,Buy and sell Hunty Zombie items safely on DropMarket.,listed,,seed-2026-09:eldorado
Hypershot,hypershot,roblox,items|accounts,,Buy and sell Hypershot accounts safely on DropMarket.,listed,,seed-2026-09:eldorado+rblxdb
Identity V,identity-v,mobile,top-up|accounts,,Buy and sell Identity V accounts safely on DropMarket.,listed,,seed-2026-09:directory
Idle Mafia Game,idle-mafia-game,roblox,items,,Buy and sell Idle Mafia Game items safely on DropMarket.,listed,,seed-2026-09:eldorado
Ink Game,ink-game,roblox,items|accounts,,Buy and sell Ink Game accounts safely on DropMarket.,listed,,seed-2026-09:eldorado+rblxdb
Iron Soul Dungeon,iron-soul-dungeon,roblox,items,,Buy and sell Iron Soul Dungeon items safely on DropMarket.,listed,,seed-2026-09:eldorado
Jailbreak,jailbreak,roblox,accounts|items,,Buy and sell Jailbreak accounts safely on DropMarket.,listed,,seed-2026-09:eldorado+rblxdb
Jujutsu Infinite,jujutsu-infinite,roblox,items,,Buy and sell Jujutsu Infinite items safely on DropMarket.,listed,,seed-2026-09:eldorado
Jujutsu Shenanigans,jujutsu-shenanigans,roblox,items|accounts,,Buy and sell Jujutsu Shenanigans accounts safely on DropMarket.,listed,,seed-2026-09:rblxdb
Jujutsu Zero,jujutsu-zero,roblox,items,,Buy and sell Jujutsu Zero items safely on DropMarket.,listed,,seed-2026-09:eldorado
KAIZEN,kaizen,roblox,items,,Buy and sell KAIZEN items safely on DropMarket.,listed,,seed-2026-09:eldorado
Kick a Lucky Block,kick-a-lucky-block,roblox,items|accounts,,Buy and sell Kick a Lucky Block accounts safely on DropMarket.,listed,,seed-2026-09:eldorado+rblxdb
King Legacy,king-legacy,roblox,items|accounts,,Buy and sell King Legacy accounts safely on DropMarket.,listed,,seed-2026-09:eldorado
Knife Duels,knife-duels,roblox,items,,Buy and sell Knife Duels items safely on DropMarket.,listed,,seed-2026-09:eldorado
Knockout,knockout,roblox,items,,Buy and sell Knockout items safely on DropMarket.,listed,,seed-2026-09:eldorado
Last War Survival,last-war-survival,mobile,top-up|accounts,,Buy and sell Last War Survival accounts safely on DropMarket.,listed,,seed-2026-09:directory
League of Legends,league-of-legends,pc,accounts|top-up,,Buy and sell League of Legends accounts safely on DropMarket.,listed,,seed-2026-09:spec-aaa+eldorado
Lost Ark,lost-ark,mmo,currency|accounts|items,,Buy and sell Lost Ark accounts safely on DropMarket.,listed,,seed-2026-09:spec-aaa+eldorado
MapleStory,maplestory,mmo,currency|accounts,,Buy and sell MapleStory accounts safely on DropMarket.,listed,,seed-2026-09:directory
Marvel Rivals,marvel-rivals,pc,accounts|top-up,,Buy and sell Marvel Rivals accounts safely on DropMarket.,listed,,seed-2026-09:directory
Metin2,metin2,mmo,currency|accounts,,Buy and sell Metin2 accounts safely on DropMarket.,listed,,seed-2026-09:directory
Mine a Mountain,mine-a-mountain,roblox,items,,Buy and sell Mine a Mountain items safely on DropMarket.,listed,,seed-2026-09:eldorado
Minecraft,minecraft,pc,accounts|top-up,,Buy and sell Minecraft accounts safely on DropMarket.,listed,,seed-2026-09:directory
Mini War,mini-war,roblox,items,,Buy and sell Mini War items safely on DropMarket.,listed,,seed-2026-09:eldorado
Mobile Legends,mobile-legends,mobile,top-up|accounts,,Buy and sell Mobile Legends accounts safely on DropMarket.,listed,,seed-2026-09:spec-aaa
Monopoly Go,monopoly-go,mobile,top-up|accounts,,Buy and sell Monopoly Go accounts safely on DropMarket.,listed,,seed-2026-09:directory
Murder Duels,murder-duels,roblox,items|accounts,,Buy and sell Murder Duels accounts safely on DropMarket.,listed,,seed-2026-09:eldorado+rblxdb
Murder Mystery 2,murder-mystery-2,roblox,items|accounts,,Buy and sell Murder Mystery 2 accounts safely on DropMarket.,listed,,seed-2026-09:eldorado+rblxdb
Murderers VS Sheriffs DUELS,murderers-vs-sheriffs-duels,roblox,items|accounts,,Buy and sell Murderers VS Sheriffs DUELS accounts safely on DropMarket.,listed,,seed-2026-09:eldorado+rblxdb
Muscle Legends,muscle-legends,roblox,items,,Buy and sell Muscle Legends items safely on DropMarket.,listed,,seed-2026-09:eldorado
Naraka Bladepoint,naraka-bladepoint,pc,accounts|top-up,,Buy and sell Naraka Bladepoint accounts safely on DropMarket.,listed,,seed-2026-09:directory
New World,new-world,mmo,currency|accounts|items,,Buy and sell New World accounts safely on DropMarket.,listed,,seed-2026-09:spec-aaa+eldorado
Nikke Goddess of Victory,nikke-goddess-of-victory,mobile,top-up|accounts,,Buy and sell Nikke Goddess of Victory accounts safely on DropMarket.,listed,,seed-2026-09:directory
Noob Tower Defense,noob-tower-defense,roblox,items,,Buy and sell Noob Tower Defense items safely on DropMarket.,listed,,seed-2026-09:eldorado
Old School RuneScape,old-school-runescape,mmo,currency|accounts|items,,Buy and sell Old School RuneScape accounts safely on DropMarket.,listed,,seed-2026-09:spec-aaa+eldorado
Overwatch 2,overwatch-2,pc,accounts,,Buy and sell Overwatch 2 accounts safely on DropMarket.,listed,,seed-2026-09:eldorado
Path of Exile,path-of-exile,pc,currency|accounts|items,,Buy and sell Path of Exile accounts safely on DropMarket.,listed,,seed-2026-09:directory
Path of Exile 2,path-of-exile-2,pc,currency|accounts|items,,Buy and sell Path of Exile 2 accounts safely on DropMarket.,listed,,seed-2026-09:spec-aaa
Peroxide,peroxide,roblox,items,,Buy and sell Peroxide items safely on DropMarket.,listed,,seed-2026-09:eldorado
Pet Simulator 99,pet-simulator-99,roblox,currency|items|accounts,,Buy and sell Pet Simulator 99 accounts safely on DropMarket.,listed,,seed-2026-09:eldorado+rblxdb
Pets Go,pets-go,roblox,currency|items,,Buy and sell Pets Go items safely on DropMarket.,listed,,seed-2026-09:eldorado
Plants vs Brainrots,plants-vs-brainrots,roblox,items,,Buy and sell Plants vs Brainrots items safely on DropMarket.,listed,,seed-2026-09:eldorado
Pokemon Go,pokemon-go,pc,top-up|accounts,,Buy and sell Pokemon Go accounts safely on DropMarket.,listed,,seed-2026-09:eldorado
Pokemon TCG Pocket,pokemon-tcg-pocket,mobile,top-up|accounts,,Buy and sell Pokemon TCG Pocket accounts safely on DropMarket.,listed,,seed-2026-09:directory
PUBG Mobile,pubg-mobile,mobile,top-up|accounts,,Buy and sell PUBG Mobile accounts safely on DropMarket.,listed,,seed-2026-09:spec-aaa
Punishing Gray Raven,punishing-gray-raven,mobile,top-up|accounts,,Buy and sell Punishing Gray Raven accounts safely on DropMarket.,listed,,seed-2026-09:directory
Rainbow Six Siege,rainbow-six-siege,pc,accounts,,Buy and sell Rainbow Six Siege accounts safely on DropMarket.,listed,,seed-2026-09:eldorado
Raise Animals,raise-animals,roblox,items,,Buy and sell Raise Animals items safely on DropMarket.,listed,,seed-2026-09:eldorado
Re Rangers X,re-rangers-x,roblox,items,,Buy and sell Re Rangers X items safely on DropMarket.,listed,,seed-2026-09:eldorado
Rise of Kingdoms,rise-of-kingdoms,mobile,top-up|accounts,,Buy and sell Rise of Kingdoms accounts safely on DropMarket.,listed,,seed-2026-09:directory
RIVALS,rivals,roblox,items|accounts,,Buy and sell RIVALS accounts safely on DropMarket.,listed,,seed-2026-09:rblxdb
RNG Heroes,rng-heroes,roblox,items,,Buy and sell RNG Heroes items safely on DropMarket.,listed,,seed-2026-09:eldorado
Roblox,roblox,pc,top-up|items|accounts,,Buy and sell Roblox accounts safely on DropMarket.,listed,,seed-2026-09:eldorado
Roblox Limiteds,roblox-limiteds,roblox,items,,Buy and sell Roblox Limiteds items safely on DropMarket.,listed,,seed-2026-09:eldorado
Roblox Rivals,roblox-rivals,roblox,items|accounts,,Buy and sell Roblox Rivals accounts safely on DropMarket.,listed,,seed-2026-09:eldorado
Rocket League,rocket-league,pc,accounts|items,,Buy and sell Rocket League accounts safely on DropMarket.,listed,,seed-2026-09:directory
Roll Anime to Fight,roll-anime-to-fight,roblox,items,,Buy and sell Roll Anime to Fight items safely on DropMarket.,listed,,seed-2026-09:eldorado
Royal Match,royal-match,mobile,top-up|accounts,,Buy and sell Royal Match accounts safely on DropMarket.,listed,,seed-2026-09:directory
Royale High,royale-high,roblox,currency,,Buy and sell Royale High items safely on DropMarket.,listed,,seed-2026-09:eldorado
Run a Restaurant,run-a-restaurant,roblox,top-up,,Buy and sell Run a Restaurant items safely on DropMarket.,listed,,seed-2026-09:eldorado
RuneScape 3,runescape-3,pc,currency|items,,Buy and sell RuneScape 3 items safely on DropMarket.,listed,,seed-2026-09:eldorado
Rust,rust,pc,accounts|items,,Buy and sell Rust accounts safely on DropMarket.,listed,,seed-2026-09:directory
Sailor Piece,sailor-piece,roblox,items|accounts,,Buy and sell Sailor Piece accounts safely on DropMarket.,listed,,seed-2026-09:eldorado
San Diego Border Roleplay,san-diego-border-roleplay,roblox,items,,Buy and sell San Diego Border Roleplay items safely on DropMarket.,listed,,seed-2026-09:eldorado
Sea of Thieves,sea-of-thieves,pc,accounts|top-up,,Buy and sell Sea of Thieves accounts safely on DropMarket.,listed,,seed-2026-09:directory
Shindo Life,shindo-life,roblox,items|accounts,,Buy and sell Shindo Life accounts safely on DropMarket.,listed,,seed-2026-09:eldorado+rblxdb
Silkroad Online,silkroad-online,mmo,currency|accounts,,Buy and sell Silkroad Online accounts safely on DropMarket.,listed,,seed-2026-09:directory
Slime RNG,slime-rng,roblox,items,,Buy and sell Slime RNG items safely on DropMarket.,listed,,seed-2026-09:eldorado
Sniper Arena,sniper-arena,roblox,items,,Buy and sell Sniper Arena items safely on DropMarket.,listed,,seed-2026-09:eldorado
Sniper Duels,sniper-duels,roblox,top-up|items,,Buy and sell Sniper Duels items safely on DropMarket.,listed,,seed-2026-09:eldorado
Sols RNG,sols-rng,roblox,items|accounts,,Buy and sell Sols RNG accounts safely on DropMarket.,listed,,seed-2026-09:eldorado+rblxdb
Sorcerer Tower Defense,sorcerer-tower-defense,roblox,items,,Buy and sell Sorcerer Tower Defense items safely on DropMarket.,listed,,seed-2026-09:eldorado
Spin A Baddie,spin-a-baddie,roblox,items,,Buy and sell Spin A Baddie items safely on DropMarket.,listed,,seed-2026-09:eldorado
Spin a Soccer Card,spin-a-soccer-card,roblox,items,,Buy and sell Spin a Soccer Card items safely on DropMarket.,listed,,seed-2026-09:eldorado
Spongebob Tower Defense,spongebob-tower-defense,roblox,items,,Buy and sell Spongebob Tower Defense items safely on DropMarket.,listed,,seed-2026-09:eldorado
Squid Game X,squid-game-x,roblox,items|accounts,,Buy and sell Squid Game X accounts safely on DropMarket.,listed,,seed-2026-09:rblxdb
Star Wars The Old Republic,star-wars-the-old-republic,mmo,currency|accounts,,Buy and sell Star Wars The Old Republic accounts safely on DropMarket.,listed,,seed-2026-09:directory
State of Survival,state-of-survival,mobile,top-up|accounts,,Buy and sell State of Survival accounts safely on DropMarket.,listed,,seed-2026-09:directory
Steal a Brainrot,steal-a-brainrot,roblox,items|accounts,,Buy and sell Steal a Brainrot accounts safely on DropMarket.,data,,seed-2026-09:eldorado+rblxdb
Steal A Lucky Egg,steal-a-lucky-egg,roblox,items|accounts,,Buy and sell Steal A Lucky Egg accounts safely on DropMarket.,listed,,seed-2026-09:rblxdb
Steal an Egg,steal-an-egg,roblox,items|accounts,,Buy and sell Steal an Egg accounts safely on DropMarket.,listed,,seed-2026-09:eldorado+rblxdb
Steam,steam,pc,top-up|accounts,,Buy and sell Steam accounts safely on DropMarket.,listed,,seed-2026-09:directory
Storage Hunters,storage-hunters,roblox,items|accounts,,Buy and sell Storage Hunters accounts safely on DropMarket.,listed,,seed-2026-09:eldorado+rblxdb
Summon Heroes,summon-heroes,roblox,items,,Buy and sell Summon Heroes items safely on DropMarket.,listed,,seed-2026-09:eldorado
Summoners War,summoners-war,mobile,top-up|accounts,,Buy and sell Summoners War accounts safely on DropMarket.,listed,,seed-2026-09:directory
Survive Lava for Brainrots,survive-lava-for-brainrots,roblox,items,,Buy and sell Survive Lava for Brainrots items safely on DropMarket.,listed,,seed-2026-09:eldorado
Swing Obby for Brainrots,swing-obby-for-brainrots,roblox,items,,Buy and sell Swing Obby for Brainrots items safely on DropMarket.,listed,,seed-2026-09:eldorado
Tap Simulator,tap-simulator,roblox,currency|items,,Buy and sell Tap Simulator items safely on DropMarket.,listed,,seed-2026-09:eldorado
Team Fortress 2,team-fortress-2,pc,items|accounts,,Buy and sell Team Fortress 2 accounts safely on DropMarket.,listed,,seed-2026-09:directory
The Elder Scrolls Online,the-elder-scrolls-online,mmo,currency|accounts|items,,Buy and sell The Elder Scrolls Online accounts safely on DropMarket.,listed,,seed-2026-09:spec-aaa
The Forge,the-forge,roblox,items|accounts,,Buy and sell The Forge accounts safely on DropMarket.,listed,,seed-2026-09:eldorado
The Strongest Battlegrounds,the-strongest-battlegrounds,roblox,items|accounts,,Buy and sell The Strongest Battlegrounds accounts safely on DropMarket.,listed,,seed-2026-09:rblxdb
The Veil,the-veil,roblox,items,,Buy and sell The Veil items safely on DropMarket.,listed,,seed-2026-09:eldorado
Throne and Liberty,throne-and-liberty,mmo,currency|accounts|items,,Buy and sell Throne and Liberty accounts safely on DropMarket.,listed,,seed-2026-09:directory
Tibia,tibia,mmo,currency|accounts,,Buy and sell Tibia accounts safely on DropMarket.,listed,,seed-2026-09:directory
Toilet Tower Defense,toilet-tower-defense,roblox,currency|items,,Buy and sell Toilet Tower Defense items safely on DropMarket.,listed,,seed-2026-09:eldorado
Tower Defense Simulator,tower-defense-simulator,roblox,items,,Buy and sell Tower Defense Simulator items safely on DropMarket.,listed,,seed-2026-09:eldorado
Tower of Fantasy,tower-of-fantasy,mobile,top-up|accounts,,Buy and sell Tower of Fantasy accounts safely on DropMarket.,listed,,seed-2026-09:directory
Tower of Hell,tower-of-hell,roblox,items|accounts,,Buy and sell Tower of Hell accounts safely on DropMarket.,listed,,seed-2026-09:rblxdb
TYPE://SOUL,type-soul,roblox,items,,Buy and sell TYPE://SOUL items safely on DropMarket.,listed,,seed-2026-09:eldorado
Umamusume Pretty Derby,umamusume-pretty-derby,mobile,top-up|accounts,,Buy and sell Umamusume Pretty Derby accounts safely on DropMarket.,listed,,seed-2026-09:directory
Universal Tower Defense,universal-tower-defense,roblox,items,,Buy and sell Universal Tower Defense items safely on DropMarket.,listed,,seed-2026-09:eldorado
Valorant,valorant,pc,accounts|top-up,,Buy and sell Valorant accounts safely on DropMarket.,listed,,seed-2026-09:spec-aaa+eldorado
Violence District,violence-district,roblox,items|accounts,,Buy and sell Violence District accounts safely on DropMarket.,listed,,seed-2026-09:rblxdb
Volleyball Legends,volleyball-legends,roblox,items|accounts,,Buy and sell Volleyball Legends accounts safely on DropMarket.,listed,,seed-2026-09:eldorado+rblxdb
VV Ultimatum,vv-ultimatum,roblox,items,,Buy and sell VV Ultimatum items safely on DropMarket.,listed,,seed-2026-09:eldorado
War Tycoon,war-tycoon,roblox,items,,Buy and sell War Tycoon items safely on DropMarket.,listed,,seed-2026-09:eldorado
Warframe,warframe,pc,currency|accounts|items,,Buy and sell Warframe accounts safely on DropMarket.,listed,,seed-2026-09:spec-aaa+eldorado
Welcome to Bloxburg,welcome-to-bloxburg,roblox,accounts,,Buy and sell Welcome to Bloxburg accounts safely on DropMarket.,listed,,seed-2026-09:eldorado
Whiteout Survival,whiteout-survival,mobile,top-up|accounts,,Buy and sell Whiteout Survival accounts safely on DropMarket.,listed,,seed-2026-09:directory
Wizard Alchemy,wizard-alchemy,roblox,items,,Buy and sell Wizard Alchemy items safely on DropMarket.,listed,,seed-2026-09:eldorado
World of Warcraft,world-of-warcraft,mmo,currency|accounts|items,,Buy and sell World of Warcraft accounts safely on DropMarket.,listed,,seed-2026-09:spec-aaa+eldorado
WoW Classic Era,wow-classic-era,pc,currency,,Buy and sell WoW Classic Era items safely on DropMarket.,listed,,seed-2026-09:eldorado
Wuthering Waves,wuthering-waves,mobile,top-up|accounts,,Buy and sell Wuthering Waves accounts safely on DropMarket.,listed,,seed-2026-09:spec-aaa
Zenless Zone Zero,zenless-zone-zero,mobile,top-up|accounts,,Buy and sell Zenless Zone Zero accounts safely on DropMarket.,listed,,seed-2026-09:spec-aaa
